/*
create database TH1T2;
go
use TH1T2;

create table KHACHHANG
( 
	MAKH char(4) PRIMARY KEY,
	HOTEN varchar(30),
	DCHI varchar(50),
	SODT varchar(20),
	NGSINH smalldatetime,
	NGDK smalldatetime,
	DOANHSO money,
)

create table NHANVIEN
( 
	MANV char(4) PRIMARY KEY,
	HOTEN varchar(30),
	SODT varchar(20),
	NGVL smalldatetime,
)

create table SANPHAM
(
	MASP char(4) PRIMARY KEY,
	TENSP varchar(30),
	DVT varchar(20),
	NUOCSX varchar(30),
	GIA int,
)

create table HOADON
(
	SOHD int PRIMARY KEY,
	NGHD smalldatetime,
	MAKH char(4),
	MANV char(4),
	TRIGIA int,
)

create table CTHD 
(
	SOHD int,
	MASP char(4),
	SL int,
	constraint SOHD_MASP PRIMARY KEY (SOHD, MASP),
)
--1
alter table HOADON add
constraint MAKHFK foreign key (MAKH) references KHACHHANG(MAKH),
constraint MANV foreign key (MANV) references NHANVIEN(MANV)

alter table CTHD add 
constraint SOHDFK FOREIGN KEY (SOHD) references HOADON(SOHD),
constraint MASPFK FOREIGN KEY (MASP) references SANPHAM(MASP)
--2
alter table SANPHAM add GHICHU varchar(20)
--3
alter table KHACHHANG add LOAIKH tinyint 
--4
alter table SANPHAM alter column GHICHU  varchar(100)
--5
alter table SANPHAM drop column GHICHU
--6
alter table KHACHHANG alter column LOAIKH varchar(20)
alter table KHACHHANG add
constraint LOAIKH_KH check (LOAIKH in ('Vang lai', 'Thuong xuyen', 'Vip'))
--7
alter table SANPHAM add
constraint DVT_SP check (DVT in ('cay', 'hop', 'cai', 'quyen', 'chuc'))
--8
alter table SANPHAM add
constraint GIA_SP check (GIA >= 500)
--9
alter table CTHD  add
constraint SL_CTHD check (SL >= 1)

--II
--1
SET DATEFORMAT DMY 

INSERT INTO NHANVIEN(MANV,HOTEN,SODT,NGVL) VALUES ('NV01','NGUYEN NHU NHUT','0927345678','13/04/2006')
INSERT INTO NHANVIEN(MANV,HOTEN,SODT,NGVL) VALUES ('NV02','LE THI PHI YEN','0987567390','21/04/2006')
INSERT INTO NHANVIEN(MANV,HOTEN,SODT,NGVL) VALUES ('NV03','NGUYEN VAN B','0997047382','27/04/2006')
INSERT INTO NHANVIEN(MANV,HOTEN,SODT,NGVL) VALUES ('NV04','NGO THANH TUAN','0913758498','24/06/2006')
INSERT INTO NHANVIEN(MANV,HOTEN,SODT,NGVL) VALUES ('NV05','NGUYEN THI TRUC THANH','0918590387','20/07/2006')

INSERT INTO KHACHHANG(MAKH,HOTEN,DCHI,SODT,NGSINH,NGDK,DOANHSO) VALUES ('KH01','NGUYEN VAN A','731TRAN HUNG DAO,Q5,THHCM','08823451','22/10/1960','22/07/2006',13060000)
INSERT INTO KHACHHANG(MAKH,HOTEN,DCHI,SODT,NGSINH,NGDK,DOANHSO) VALUES ('KH02','TRAN NGOC HAN','23/5NGUYEN TRAI,Q5,TPHCM','0908256478','03/04/1974','30/07/2006',280000)
INSERT INTO KHACHHANG(MAKH,HOTEN,DCHI,SODT,NGSINH,NGDK,DOANHSO) VALUES ('KH03','TRAN NGOC LINH','45NGUYEN CANH CHAN,Q1,TPHCM','0938776266','10/06/1980','05/05/2006',3860000)
INSERT INTO KHACHHANG(MAKH,HOTEN,DCHI,SODT,NGSINH,NGDK,DOANHSO) VALUES ('KH04','TRAN MINH LONG','50/34LE DAI HANH,Q10,TPHCM','0917325476','09/03/1965','02/10/2006',250000)
INSERT INTO KHACHHANG(MAKH,HOTEN,DCHI,SODT,NGSINH,NGDK,DOANHSO) VALUES ('KH05','LE NHAT MINH','34TRUONG DINH,Q3,TPHCM','08246108','10/03/1950','28/10/2006',21000)
INSERT INTO KHACHHANG(MAKH,HOTEN,DCHI,SODT,NGSINH,NGDK,DOANHSO) VALUES ('KH06','LE HOAI THUONG','227NGUYEN VAN CU,Q5,TPHCM','08631738','31/12/1981','24/11/2006',915000)
INSERT INTO KHACHHANG(MAKH,HOTEN,DCHI,SODT,NGSINH,NGDK,DOANHSO) VALUES ('KH07','NGUYEN VAN TAM','32/3 TRAN BINH TRONG,Q5,TPHCM','0916783565','06/06/1971','01/12/2006',12500)
INSERT INTO KHACHHANG(MAKH,HOTEN,DCHI,SODT,NGSINH,NGDK,DOANHSO) VALUES ('KH08','PHAN THI THANH','45/2 AN DUONG VUONG,Q5,TPHCM','0938435756','10/01/1971','13/12/2006',365000)
INSERT INTO KHACHHANG(MAKH,HOTEN,DCHI,SODT,NGSINH,NGDK,DOANHSO) VALUES ('KH09','LE HA VINH','837 LE HONG PHONG,Q5,TPHCM','08654763','03/03/1979','14/01/2007',70000)
INSERT INTO KHACHHANG(MAKH,HOTEN,DCHI,SODT,NGSINH,NGDK,DOANHSO) VALUES ('KH10','HA DUY LAP','34/34B NGUYEN TRAI,Q5,TPHCM','08768904','02/05/1983','16/01/2007',67500)

INSERT INTO SANPHAM(MASP,TENSP,DVT,NUOCSX,GIA) VALUES ('BC01','BUT CHI','CAY','SINGAPORE',3000)
INSERT INTO SANPHAM(MASP,TENSP,DVT,NUOCSX,GIA) VALUES ('BC02','BUT CHI','CAY','SINGAPORE',5000)
INSERT INTO SANPHAM(MASP,TENSP,DVT,NUOCSX,GIA) VALUES ('BC03','BUT CHI','CAY','VIETNAM',3500)
INSERT INTO SANPHAM(MASP,TENSP,DVT,NUOCSX,GIA) VALUES ('BC04','BUT CHI','HOP','VIETNAM',30000)
INSERT INTO SANPHAM(MASP,TENSP,DVT,NUOCSX,GIA) VALUES ('BB01','BUT BI','CAY','VIETNAM',5000)
INSERT INTO SANPHAM(MASP,TENSP,DVT,NUOCSX,GIA) VALUES ('BB02','BUT BI','CAY','TRUNGQUOC',7000)
INSERT INTO SANPHAM(MASP,TENSP,DVT,NUOCSX,GIA) VALUES ('BB03','BUT BI','HOP','THAILAN',100000)
INSERT INTO SANPHAM(MASP,TENSP,DVT,NUOCSX,GIA) VALUES ('TV01','TAP 100 TRANG GIAY MONG','QUYEN','TRUNGQUOC',2500)
INSERT INTO SANPHAM(MASP,TENSP,DVT,NUOCSX,GIA) VALUES ('TV02','TAP 200 TRANG GIAY MONG','QUYEN','TRUNGQUOC',4500)
INSERT INTO SANPHAM(MASP,TENSP,DVT,NUOCSX,GIA) VALUES ('TV03','TAP 100 TRANG GIAY TOT','QUYEN','VIETNAM',3000)
INSERT INTO SANPHAM(MASP,TENSP,DVT,NUOCSX,GIA) VALUES ('TV04','TAP 200 TRANG GIAY TOT','QUYEN','VIETNAM',5500)
INSERT INTO SANPHAM(MASP,TENSP,DVT,NUOCSX,GIA) VALUES ('TV05','TAP 100 TRANG ','CHUC','VIETNAM',23000)
INSERT INTO SANPHAM(MASP,TENSP,DVT,NUOCSX,GIA) VALUES ('TV06','TAP 200 TRANG ','CHUC','VIETNAM',53000)
INSERT INTO SANPHAM(MASP,TENSP,DVT,NUOCSX,GIA) VALUES ('TV07','TAP 100 TRANG ','CHUC','TRUNGQUOC',34000)
INSERT INTO SANPHAM(MASP,TENSP,DVT,NUOCSX,GIA) VALUES ('ST01','SO TAY 500 TRANG','QUYEN','TRUNGQUOC',40000)
INSERT INTO SANPHAM(MASP,TENSP,DVT,NUOCSX,GIA) VALUES ('ST02','SO TAY LOAI 1','QUYEN','VIETNAM',55000)
INSERT INTO SANPHAM(MASP,TENSP,DVT,NUOCSX,GIA) VALUES ('ST03','SO TAY LOAI 2','QUYEN','VIETNAM',51000)
INSERT INTO SANPHAM(MASP,TENSP,DVT,NUOCSX,GIA) VALUES ('ST04','SO TAY','QUYEN','THAILAN',55000)
INSERT INTO SANPHAM(MASP,TENSP,DVT,NUOCSX,GIA) VALUES ('ST05','SO TAY MONG','QUYEN','THAILAN',20000)
INSERT INTO SANPHAM(MASP,TENSP,DVT,NUOCSX,GIA) VALUES ('ST06','PHAN VIET BANG','HOP','VIETNAM',5000)
INSERT INTO SANPHAM(MASP,TENSP,DVT,NUOCSX,GIA) VALUES ('ST07','PHAN KHONG BUI','HOP','VIETNAM',7000)
INSERT INTO SANPHAM(MASP,TENSP,DVT,NUOCSX,GIA) VALUES ('ST08','BONG BAMG','CAI','VIETNAM',1000)
INSERT INTO SANPHAM(MASP,TENSP,DVT,NUOCSX,GIA) VALUES ('ST09','BUT LONG','CAY','VIETNAM',5000)
INSERT INTO SANPHAM(MASP,TENSP,DVT,NUOCSX,GIA) VALUES ('ST10','BUT LONG','CAY','TRUNGQUOC',7000)

INSERT INTO HOADON(SOHD,NGHD,MAKH,MANV,TRIGIA) VALUES (1001,'27/07/2006','KH01','NV01',320000)
INSERT INTO HOADON(SOHD,NGHD,MAKH,MANV,TRIGIA) VALUES (1002,'10/08/2006','KH01','NV02',840000)
INSERT INTO HOADON(SOHD,NGHD,MAKH,MANV,TRIGIA) VALUES (1003,'23/08/2006','KH02','NV01',100000)
INSERT INTO HOADON(SOHD,NGHD,MAKH,MANV,TRIGIA) VALUES (1004,'01/09/2006','KH02','NV01',180000)
INSERT INTO HOADON(SOHD,NGHD,MAKH,MANV,TRIGIA) VALUES (1005,'20/10/2006','KH01','NV02',3800000)
INSERT INTO HOADON(SOHD,NGHD,MAKH,MANV,TRIGIA) VALUES (1006,'16/10/2006','KH01','NV03',2430000)
INSERT INTO HOADON(SOHD,NGHD,MAKH,MANV,TRIGIA) VALUES (1007,'28/10/2006','KH03','NV03',510000)
INSERT INTO HOADON(SOHD,NGHD,MAKH,MANV,TRIGIA) VALUES (1008,'28/10/2006','KH01','NV03',440000)
INSERT INTO HOADON(SOHD,NGHD,MAKH,MANV,TRIGIA) VALUES (1009,'28/10/2006','KH03','NV04',200000)
INSERT INTO HOADON(SOHD,NGHD,MAKH,MANV,TRIGIA) VALUES (1010,'01/11/2006','KH01','NV01',5200000)
INSERT INTO HOADON(SOHD,NGHD,MAKH,MANV,TRIGIA) VALUES (1011,'04/11/2006','KH04','NV03',250000)
INSERT INTO HOADON(SOHD,NGHD,MAKH,MANV,TRIGIA) VALUES (1012,'30/11/2006','KH05','NV03',21000)
INSERT INTO HOADON(SOHD,NGHD,MAKH,MANV,TRIGIA) VALUES (1013,'12/12/2006','KH06','NV01',5000)
INSERT INTO HOADON(SOHD,NGHD,MAKH,MANV,TRIGIA) VALUES (1014,'31/12/2006','KH03','NV02',3150000)
INSERT INTO HOADON(SOHD,NGHD,MAKH,MANV,TRIGIA) VALUES (1015,'01/01/2007','KH06','NV01',910000)
INSERT INTO HOADON(SOHD,NGHD,MAKH,MANV,TRIGIA) VALUES (1016,'01/01/2007','KH07','NV02',12500)
INSERT INTO HOADON(SOHD,NGHD,MAKH,MANV,TRIGIA) VALUES (1017,'02/01/2007','KH08','NV03',35000)
INSERT INTO HOADON(SOHD,NGHD,MAKH,MANV,TRIGIA) VALUES (1018,'13/01/2007','KH08','NV03',330000)
INSERT INTO HOADON(SOHD,NGHD,MAKH,MANV,TRIGIA) VALUES (1019,'13/01/2007','KH01','NV03',30000)
INSERT INTO HOADON(SOHD,NGHD,MAKH,MANV,TRIGIA) VALUES (1020,'14/01/2007','KH09','NV04',70000)
INSERT INTO HOADON(SOHD,NGHD,MAKH,MANV,TRIGIA) VALUES (1021,'16/01/2007','KH10','NV03',67500)
INSERT INTO HOADON(SOHD,NGHD,MAKH,MANV,TRIGIA) VALUES (1022,'16/01/2007',NULL,'NV03',7000)
INSERT INTO HOADON(SOHD,NGHD,MAKH,MANV,TRIGIA) VALUES (1023,'17/01/2007',NULL,'NV01',330000)

INSERT INTO CTHD(SOHD,MASP,SL) VALUES (1001,'TV02',10)
INSERT INTO CTHD(SOHD,MASP,SL) VALUES (1001,'ST01',5)
INSERT INTO CTHD(SOHD,MASP,SL) VALUES (1001,'BC01',5)
INSERT INTO CTHD(SOHD,MASP,SL) VALUES (1001,'BC02',10)
INSERT INTO CTHD(SOHD,MASP,SL) VALUES (1001,'ST08',10)
INSERT INTO CTHD(SOHD,MASP,SL) VALUES (1002,'BC04',20)
INSERT INTO CTHD(SOHD,MASP,SL) VALUES (1002,'BB01',20)
INSERT INTO CTHD(SOHD,MASP,SL) VALUES (1002,'BB02',20)
INSERT INTO CTHD(SOHD,MASP,SL) VALUES (1003,'BB03',10)
INSERT INTO CTHD(SOHD,MASP,SL) VALUES (1004,'TV01',20)
INSERT INTO CTHD(SOHD,MASP,SL) VALUES (1004,'TV02',10)
INSERT INTO CTHD(SOHD,MASP,SL) VALUES (1004,'TV03',10)
INSERT INTO CTHD(SOHD,MASP,SL) VALUES (1004,'TV04',10)
INSERT INTO CTHD(SOHD,MASP,SL) VALUES (1005,'TV05',50)
INSERT INTO CTHD(SOHD,MASP,SL) VALUES (1005,'TV06',50)
INSERT INTO CTHD(SOHD,MASP,SL) VALUES (1006,'TV07',20)
INSERT INTO CTHD(SOHD,MASP,SL) VALUES (1006,'ST01',30)
INSERT INTO CTHD(SOHD,MASP,SL) VALUES (1006,'ST02',10)
INSERT INTO CTHD(SOHD,MASP,SL) VALUES (1007,'ST03',10)
INSERT INTO CTHD(SOHD,MASP,SL) VALUES (1008,'ST04',8)
INSERT INTO CTHD(SOHD,MASP,SL) VALUES (1009,'ST05',10)
INSERT INTO CTHD(SOHD,MASP,SL) VALUES (1010,'TV07',50)
INSERT INTO CTHD(SOHD,MASP,SL) VALUES (1010,'ST07',50)
INSERT INTO CTHD(SOHD,MASP,SL) VALUES (1010,'ST08',100)
INSERT INTO CTHD(SOHD,MASP,SL) VALUES (1010,'ST04',50)
INSERT INTO CTHD(SOHD,MASP,SL) VALUES (1010,'TV03',100)
INSERT INTO CTHD(SOHD,MASP,SL) VALUES (1011,'ST06',50)
INSERT INTO CTHD(SOHD,MASP,SL) VALUES (1012,'ST07',3)
INSERT INTO CTHD(SOHD,MASP,SL) VALUES (1013,'ST08',5)
INSERT INTO CTHD(SOHD,MASP,SL) VALUES (1014,'BC02',80)
INSERT INTO CTHD(SOHD,MASP,SL) VALUES (1014,'BB02',100)
INSERT INTO CTHD(SOHD,MASP,SL) VALUES (1014,'BC04',60)
INSERT INTO CTHD(SOHD,MASP,SL) VALUES (1014,'BB01',50)
INSERT INTO CTHD(SOHD,MASP,SL) VALUES (1015,'BB02',30)
INSERT INTO CTHD(SOHD,MASP,SL) VALUES (1015,'BB03',7)
INSERT INTO CTHD(SOHD,MASP,SL) VALUES (1016,'TV01',5)
INSERT INTO CTHD(SOHD,MASP,SL) VALUES (1017,'TV02',1)
INSERT INTO CTHD(SOHD,MASP,SL) VALUES (1017,'TV03',1)
INSERT INTO CTHD(SOHD,MASP,SL) VALUES (1017,'TV04',5)
INSERT INTO CTHD(SOHD,MASP,SL) VALUES (1018,'ST04',6)
INSERT INTO CTHD(SOHD,MASP,SL) VALUES (1019,'ST05',1)
INSERT INTO CTHD(SOHD,MASP,SL) VALUES (1019,'ST06',2)
INSERT INTO CTHD(SOHD,MASP,SL) VALUES (1020,'ST07',10)
INSERT INTO CTHD(SOHD,MASP,SL) VALUES (1021,'ST08',5)
INSERT INTO CTHD(SOHD,MASP,SL) VALUES (1021,'TV01',7)
INSERT INTO CTHD(SOHD,MASP,SL) VALUES (1021,'TV02',10)
INSERT INTO CTHD(SOHD,MASP,SL) VALUES (1022,'ST07',1)
INSERT INTO CTHD(SOHD,MASP,SL) VALUES (1023,'ST04',6)
--2
select * into SANPHAM1 from SANPHAM
select * into KHACHHANG1 from KHACHHANG
--3
update SANPHAM1 
set GIA = GIA * 1.5 where NUOCSX = 'THAILAN'
--4
update SANPHAM1
set GIA = GIA * 0.95 where NUOCSX = 'TRUNGQUOC' and GIA >= 100000
--5
update KHACHHANG1
set LOAIKH = 'Vip' where (NGDK < 1/1/2007 and DOANHSO >= 10000000) 
or (NGDK >= 1/1/2017 and DOANHSO >= 2000000)

--III
--1
select MASP, TENSP from SANPHAM where NUOCSX = 'TRUNGQUOC'
--2
select MASP, TENSP from SANPHAM where DVT = 'cay' or DVT = 'quyen'
--3
select MASP, TENSP from SANPHAM where MASP LIKE 'B % 01'
--4
select MASP, TENSP from SANPHAM where NUOCSX = 'TRUNGQUOC' and GIA >= 30000 and GIA <= 40000
--5
select MASP, TENSP from SANPHAM 
where (NUOCSX = 'TRUNGQUOC' or NUOCSX = 'THAILAN') and GIA >= 30000 and GIA <= 40000
--6
select SOHD, TRIGIA from HOADON where NGHD = '1/1/2007' or NGHD = '2/1/2017'
--7
select SOHD, TRIGIA from HOADON where MONTH(NGHD) = 1 and YEAR(NGHD) = 2007
order by NGHD asc, TRIGIA desc
--8 
select KH.MAKH, KH.HOTEN from KHACHHANG as KH, HOADON as HD 
where KH.MAKH = HD.MAKH and HD.NGHD = 1/1/2007
--9
select HD.SOHD, HD.TRIGIA from NHANVIEN as NV, HOADON as HD
where HD.MANV = NV.MANV and NV.HOTEN = 'Nguyen Van B' and HD.NGHD = '28/10/2006'
--10
select SP.MASP, SP.TENSP from SANPHAM as SP
join CTHD on SP.MASP = CTHD.MASP
join HOADON HD on CTHD.SOHD = HD.SOHD
join KHACHHANG KH on HD.MAKH = KH.MAKH
where KH.HOTEN = 'Nguyen Van A' and MONTH(HD.NGHD) = 10 and YEAR(HD.NGHD) = 2006
--11
select SOHD from CTHD where MASP = 'BB01' or MASP = 'BB02'
--12
select SOHD from CTHD where (MASP = 'BB01' or MASP = 'BB02') and SL >= 10 and SL <= 20
--13
select CTHD.SOHD from CTHD where CTHD.MASP = 'BB01' and CTHD.SL >= 10 and CTHD.SL <= 20
intersect
select CTHD.SOHD from CTHD where CTHD.MASP = 'BB02' and CTHD.SL >= 10 and CTHD.SL <= 20
--14
select SP.MASP, SP.TENSP from SANPHAM as SP
where SP.NUOCSX = 'Trung Quoc'
union 
select SP.MASP, SP.TENSP from SANPHAM as SP, HOADON as HD, CTHD
where CTHD.MASP = SP.MASP and CTHD.SOHD = HD.SOHD
and HD.NGHD = '1/1/2007'
--15
select SP.MASP, SP.TENSP from SANPHAM as SP
except
select SP.MASP, SP.TENSP from SANPHAM as SP, CTHD where SP.MASP = CTHD.MASP
--16
select SP.MASP, SP.TENSP from SANPHAM as SP
except
select SP.MASP, SP.TENSP from SANPHAM as SP, CTHD, HOADON as HD 
where SP.MASP = CTHD.MASP and CTHD.SOHD = HD.SOHD and YEAR(HD.NGHD) = 2006
--17
select SP.MASP, SP.TENSP from SANPHAM as SP
except
select SP.MASP, SP.TENSP from SANPHAM as SP, CTHD, HOADON as HD 
where SP.MASP = CTHD.MASP and CTHD.SOHD = HD.SOHD and SP.NUOCSX = 'Trung Quoc' and YEAR(HD.NGHD) = 2006
--20
select count(HD.SOHD) from HOADON as HD
where HD.MAKH not in ( 
select KH.MAKH from KHACHHANG as KH
where KH.MAKH = HD.MAKH)
--21
select count(distinct CTHD.MASP) from  HOADON as HD, CTHD
where CTHD.SOHD = HD.SOHD and YEAR(HD.NGHD) = 2006
--22
select min(HD.TRIGIA) as TRIGIA_MIN from HOADON as HD
select max(HD.TRIGIA) as TRIGIA_MAX from HOADON as HD
--23
select avg(HD.TRIGIA) as TRIGIA_AVG from HOADON as HD where YEAR(HD.NGHD) = 2006
--24
select sum(HD.TRIGIA) as TRIGIA_SUM from HOADON as HD where YEAR(HD.NGHD) = 2006
--25
select HD.SOHD from HOADON as HD 
where HD.TRIGIA = (select max(TRIGIA) from HOADON) and YEAR(HD.NGHD) = 2006
--26
select KH.HOTEN from HOADON as HD, KHACHHANG as KH
where KH.MAKH = HD.MAKH and YEAR(HD.NGHD) = 2006
and HD.TRIGIA >= all( select TRIGIA from HOADON where YEAR(HD.NGHD) = 2006)
--27
select top 3 KH.MAKH, KH.HOTEN from KHACHHANG as KH order by KH.DOANHSO desc
--28
select SP.MASP, SP.TENSP from SANPHAM as SP 
where GIA in (select distinct top 3 GIA from SANPHAM)
order by SP.GIA desc
--29
select SP.MASP, SP.TENSP from SANPHAM as SP 
where SP.NUOCSX = 'THAILAN' 
and GIA in (select distinct top 3 GIA from SANPHAM)
order by SP.GIA desc
--30
select SP.MASP, SP.TENSP from SANPHAM as SP 
where SP.NUOCSX = 'TRUNGQUOC' 
and GIA in (select distinct top 3 GIA from SANPHAM)
order by SP.GIA desc
--32
select count (*) from SANPHAM 
where NUOCSX = 'TRUNGQUOC'
--33
select NUOCSX, count(MASP) as TONGSANPHAM
from SANPHAM group by NUOCSX
--34
select NUOCSX, min(GIA) as GIA_MIN, max(GIA) as GIA_MAX, avg(GIA) as GIA_AVG
from SANPHAM group by NUOCSX
--35
select NGHD, sum(TRIGIA) as TONGTIEN
from HOADON group by NGHD
--36
select SP.MASP, count (distinct SP.MASP) as TONGSP
from SANPHAM as SP, CTHD, HOADON as HD
where SP.MASP = CTHD.MASP and HD.SOHD = CTHD.SOHD
and MONTH(NGHD) = 10 and YEAR(NGHD) = 2006
group by SP.MASP
--37
select MONTH(NGHD) as THANG, sum(TRIGIA) as TONGTIEN
from HOADON 
where YEAR(NGHD) = 2006 
group by MONTH(NGHD)
--18
select HD.SOHD from HOADON as HD where 
not exists (
	select * from SANPHAM as SP
	where SP.NUOCSX = 'SINGAPORE' 
	and not exists (
			select * from CTHD 
			where CTHD.SOHD = HD.SOHD 
			and SP.MASP = CTHD.MASP )) 
--19
select HD.SOHD from HOADON as HD where YEAR(HD.NGHD) = 2006 
and not exists (
	select * from SANPHAM as SP
	where SP.NUOCSX = 'SINGAPORE' 
	and not exists (
			select * from CTHD 
			where CTHD.SOHD = HD.SOHD 
			and SP.MASP = CTHD.MASP )) 
--31
select top 3 * from KHACHHANG as KH
order by KH.DOANHSO desc
--38
select CTHD.SOHD from CTHD 
group by CTHD.SOHD
having count (distinct CTHD.MASP) >= 4
--39
select CTHD.SOHD from CTHD where CTHD.MASP in(
	select SP.MASP from SANPHAM as SP 
	where SP.NUOCSX = 'VIETNAM')
group by CTHD.SOHD
having count (distinct CTHD.MASP) >= 3
--40
select KH.MAKH, KH.HOTEN from KHACHHANG as KH,  HOADON as HD
where KH.MAKH = HD.MAKH
group by KH.MAKH, KH.HOTEN
having count (HD.SOHD) >= all ( 
				select count (SOHD) from HOADON
				group by MAKH)
--41
select top 1 MONTH(HD.NGHD) as THANG_MAX from HOADON as HD
where YEAR(HD.NGHD) = 2006
group by MONTH(HD.NGHD)
order by sum(HD.TRIGIA) desc
--42
select top 1 SP.MASP, SP.TENSP from SANPHAM as SP, HOADON as HD, CTHD
where SP.MASP = CTHD.MASP and CTHD.SOHD = HD.SOHD
and YEAR(HD.NGHD) = 2006
group by SP.MASP, SP.TENSP
order BY sum(CTHD.SL) asc
--43 
select NUOCSX, MASP, TENSP from SANPHAM A
where GIA = (
	select top 1 GIA from SANPHAM B
    where A.NUOCSX = B.NUOCSX 
	group by GIA
	order by max(GIA) desc)
group by  NUOCSX, MASP, TENSP
--44
select NUOCSX from SANPHAM
group by NUOCSX
having count (distinct GIA) >= 3
--45 
select top 1 MAKH, HOTEN from KHACHHANG
where MAKH in (
	select HD.MAKH
    from  HOADON as HD, KHACHHANG as KHA
    where HD.MAKH = KHA.MAKH and KHA.DOANHSO in (
			select top 10 KHB.DOANHSO from KHACHHANG as KHB
			order by KHB.DOANHSO desc))
group by MAKH, HOTEN
*/
--I
--10
alter table KHACHHANG add
constraint KH_NG check (NGDK > NGSINH)
--11
create trigger trg11
on HOADON
for insert, update
as
	declare @NGDK smalldatetime, @NGHD smalldatetime
	select @NGDK = NGDK, @NGHD = NGHD
	from INSERTED as I, KHACHHANG as KH
	where I.MAKH = KH.MAKH
	if (@NGHD < @NGDK)
	begin
		print 'Loi: Ngay hoa don khong hop le'
		rollback transaction
	end
	else 
	begin
	print 'Them hoa don thanh cong!'
	end
--12
create trigger trg12
on HOADON
for insert, update
as
	declare @NGHD smalldatetime, @NGVL smalldatetime
	select @NGHD = NGHD, @NGVL = NGVL
	from INSERTED as I, NHANVIEN as NV
	where I.MANV = NV.MANV
	if (@NGHD < @NGVL)
	begin
		print 'Loi: Ngay hoa don khong hop le'
		rollback transaction
	end
	else 
	begin
	print 'Them hoa don thanh cong!'
	end
--13
--14
create trigger trg14
on CTHD 
for insert
as 
	declare @SOHD int, @SL int, @GIA money
	select @SOHD = SOHD, @SL = SL, @GIA = GIA
	from INSERTED as I, SANPHAM as SP
	where I.MASP = SP.MASP
	update HOADON
	set TRIGIA = TRIGIA + @SL*@GIA
	print 'Da update tri gia cua hoa don'
--15
create trigger trg15
on HOADON
for insert
as 
	declare @TRIGIA money, @MAKH char(4)
	select @TRIGIA = TRIGIA, @MAKH = MAKH
	from INSERTED as I
	where I.MAKH = @MAKH
	update KHACHHANG
	set DOANHSO = DOANHSO + @TRIGIA
	print 'Da update doanh so cua khach hang'

